county,batch,page_type,url,external,notes
Alachua,1,elections,https://www.votealachua.gov/258/Upcoming-Elections,false,"found via link ""Upcoming Elections"" score=45"
Alachua,1,polling,https://www.votealachua.gov/207/Precinct-Voting,false,"found via ""Where Do I Vote?"" score=14"
Alachua,1,early_voting,https://www.votealachua.gov/Calendar.aspx?EID=359,false,"found via ""2026 Primary Election Early Voting Dates"" score=13 [per-election URL — refresh each cycle]"
Alachua,1,results,https://www.votealachua.gov/263/Election-Results,false,"found via ""Election Results"" score=22"
Baker,1,elections,https://votebakerfl.gov/notices/,false,"found via link ""Published Ineligible Voters Listing"" score=4 (weak match — review)"
Baker,1,polling,https://votebakerfl.gov/precinct-finder/,false,"found via ""Where Do I Vote?"" score=20"
Baker,1,early_voting,https://votebakerfl.gov/early-voting/,false,"found via ""Early Voting Dates & location"" score=25"
Baker,1,results,https://votebakerfl.gov/election-night-archive/,false,"found via ""Election Results Archive"" score=27"
Bay,1,elections,https://www.bayvotesfl.gov/elections/upcoming-elections/,false,"found via link ""All Upcoming Elections"" score=35"
Bay,1,polling,https://www.bayvotesfl.gov/voters/where-to-vote-in-person/,false,"found via ""Where to Vote in Person"" score=12"
Bay,1,early_voting,https://www.bayvotesfl.gov/events/early-voting-primary-election/,false,"found via ""Aug 8, 2026 Early Voting Hours: 10AM-6PM"" score=25"
Bay,1,results,https://www.bayvotesfl.gov/announcements/2026-primary-election-canvassing-board-schedule/,false,"found via ""2026 Primary Election Canvassing Board S"" score=5 (weak match — review)"
Bradford,1,elections,https://www.votebradfordfl.gov/election/upcoming_elections.php,false,"found via link ""Upcoming Elections"" score=45"
Bradford,1,polling,https://www.votebradfordfl.gov/voter/polling_locations.php,false,"found via ""Where do I vote?"" score=23"
Bradford,1,early_voting,https://www.votebradfordfl.gov/election/early_voting.php,false,"found via ""Early Voting"" score=12"
Bradford,1,results,https://www.votebradfordfl.gov/election/election_results_archive.php,false,"found via ""Election Results Archive"" score=22"
Brevard,1,elections,https://www.votebrevard.gov/Election-Information/Current-Elections,false,"found via link ""Current Elections"" score=20"
Brevard,1,polling,https://www.votebrevard.gov/News-and-Notices/Precinct-Polling-Place-Change-Notices,false,"found via ""Precinct & Polling Place Change Notices"" score=27"
Brevard,1,early_voting,https://www.votebrevard.gov/Election-Information/Early-Voting,false,"found via ""Find Early Voting locations and hours he"" score=27"
Brevard,1,results,https://www.votebrevard.gov/Election-Information/Election-Results,false,"found via ""Election Results"" score=22"
Broward,1,elections,https://browardvotes.gov/register-vote/when-register,false,"found via link ""Election Information"" score=21"
Broward,1,polling,https://browardvotes.gov/voters/precinct-finder,false,"found via ""Find my Precinct"" score=24"
Broward,1,early_voting,https://browardvotes.gov/august-election-early-voting-sitedropbox-locator,false,"found via ""Find Location"" score=13"
Broward,1,results,https://browardvotes.gov/results-information/election-results-information,false,"found via ""Election Results Information"" score=22"
Calhoun,1,elections,https://votecalhounfl.gov/election-information/election-dates/,false,"found via link ""Election Dates"" score=26"
Calhoun,1,polling,https://votecalhounfl.gov/voter-information/polling-location/,false,"found via ""Where Do I Vote?"" score=23"
Calhoun,1,early_voting,https://votecalhounfl.gov/ways-to-vote/early-voting/,false,"found via ""Early Voting"" score=17"
Calhoun,1,results,https://votecalhounfl.gov/election-information/election-results-archive/,false,"found via ""Election Results Archive"" score=22"
Charlotte,1,elections,https://www.soecharlottecountyfl.gov/31/Election-Information,false,"found via link ""Election Information"" score=21"
Charlotte,1,polling,,false,GAP: candidate is non-HTML (application/pdf) — out of scope
Charlotte,1,early_voting,https://www.soecharlottecountyfl.gov/1315/Early-Voting-Locations,false,"found via ""Early Voting Locations"" score=27"
Charlotte,1,results,,false,GAP: no distinct page found (likely folded into elections page)
Citrus,1,elections,https://www.votecitrus.gov/171/Election-Information,false,"found via link ""Election Information"" score=21"
Citrus,1,polling,https://www.votecitrus.gov/317/2026-General-Election,false,no standing polling page; using per-election hub page (shared with other types) — review
Citrus,1,early_voting,https://www.votecitrus.gov/238/2026-Early-Voting-Sites-Schedule,false,"found via ""2026 Early Voting Sites & Schedule"" score=27"
Citrus,1,results,https://www.votecitrus.gov/193/Election-Results-1992-to-2026,false,"found via ""Election Results 1992 to 2026"" score=22"
Clay,1,elections,https://clayelections.gov/event_type/elections/,false,"found via link ""Upcoming Elections"" score=45"
Clay,1,polling,https://clayelections.gov/Election-Information/Precinct-Finder/,false,"found via ""Where Do I Vote?"" score=20"
Clay,1,early_voting,https://clayelections.gov/election-information/early-voting-sites/,false,"found via ""Early Voting Sites"" score=27"
Clay,1,results,https://clayelections.gov/results/,false,"found via ""View Election Results"" score=22"
Collier,1,elections,https://www.colliervotes.gov/308/Upcoming-Elections,false,"found via link ""Upcoming Elections"" score=45"
Collier,1,polling,https://www.colliervotes.gov/165/Find-My-Precinct,false,"found via ""Find My Precinct"" score=18"
Collier,1,early_voting,https://www.colliervotes.gov/202/Vote-Early,false,"found via ""Find An Early Voting Location"" score=32"
Collier,1,results,,false,GAP: no distinct page found (likely folded into elections page)
Columbia,1,elections,https://www.votecolumbiafl.gov/election_information/upcoming_elections.php,false,"found via link ""Upcoming Elections"" score=46"
Columbia,1,polling,https://www.votecolumbiafl.gov/voter_information/precincts_and_maps.php,false,"found via ""Precincts and Maps"" score=5 (weak match — review)"
Columbia,1,early_voting,https://www.votecolumbiafl.gov/voter_information/early_voting.php,false,"found via ""Early Voting"" score=12"
Columbia,1,results,https://www.votecolumbiafl.gov/election_information/election_results.php,false,"found via ""Election Results"" score=22"
DeSoto,1,elections,https://votedesotofl.gov/election-information/election-dates/,false,"found via link ""Election Dates"" score=26"
DeSoto,1,polling,https://votedesotofl.gov/voter-information/precinct-finder/,false,"found via ""Precinct Finder"" score=18"
DeSoto,1,early_voting,https://votedesotofl.gov/voter-information/how-to-vote/early-voting/,false,"found via ""Early Voting"" score=17"
DeSoto,1,results,https://votedesotofl.gov/election-information/election-archives/,false,"found via ""Past Election Results"" score=18"
Dixie,1,elections,https://dixievotes.gov/election-information/,false,"found via link ""Election Information"" score=21"
Dixie,1,polling,https://dixievotes.gov/voter-resources/polling-places/,false,"found via ""Polling Places"" score=22"
Dixie,1,early_voting,https://dixievotes.gov/election-information/early-voting/,false,"found via ""Early Voting"" score=12"
Dixie,1,results,https://dixievotes.gov/records-data-and-maps/election-results-and-report/,false,"found via ""Election Results and Report"" score=22"
Duval,1,elections,https://www.duvalelections.gov/27/Voter-Information,false,"found via link ""Voter Information"" score=23"
Duval,1,polling,https://www.duvalelections.gov/204/Polling-Location-Finder,false,"found via ""Precinct Finder"" score=29"
Duval,1,early_voting,https://www.duvalelections.gov/236/Early-Voting,false,"found via ""Early Voting"" score=12"
Duval,1,results,https://www.duvalelections.gov/262/Data-Maps-Past-Election-Results,false,"found via ""Data/ Maps/ Past Election Results"" score=18"
Escambia,1,elections,https://escambiavotes.gov/,false,"found via link ""Elections"" score=19"
Escambia,1,polling,https://escambiavotes.gov/news/2026/07/21/polling-location-changes-for-2026-(revised),false,"found via ""Polling Location Changes For 2026 (Revis"" score=22"
Escambia,1,early_voting,https://escambiavotes.gov/early-voting-locations,false,"found via ""Early Voting"" score=19"
Escambia,1,results,https://escambiavotes.gov/election-results,false,"found via ""Election Results"" score=22"
Flagler,1,elections,https://www.flaglerelections.gov/Elections/Upcoming-Elections-in-Flagler-County,false,"found via link ""Upcoming Elections in Flagler County"" score=35"
Flagler,1,polling,https://www.flaglerelections.gov/My-Voter-Info/Find-Your-Precinct,false,"found via ""Find My Precinct"" score=18"
Flagler,1,early_voting,https://www.flaglerelections.gov/Elections/How-to-Vote/Early-Voting,false,"found via ""Early Voting Vote early in the Primary E"" score=23"
Flagler,1,results,https://www.flaglerelections.gov/Elections/Election-Results,false,"found via ""Election Results"" score=22"
Franklin,1,elections,https://www.votefranklinfl.gov/election_information/index.php,false,"found via link ""Election Information"" score=21"
Franklin,1,polling,https://www.votefranklinfl.gov/voter_information/polling_places.php,false,"found via ""Polling Places"" score=22"
Franklin,1,early_voting,,false,GAP: no distinct page found (likely folded into elections page)
Franklin,1,results,,false,GAP: no county-specific page found (best candidate was an unrelated third-party site)
Gadsden,1,elections,https://votegadsdenfl.gov/calendar/,false,"found via link ""UPCOMING ELECTIONS"" score=33"
Gadsden,1,polling,https://votegadsdenfl.gov/election-info/precinct-information/precinct-lookup/,false,"found via ""Precinct Lookup"" score=17"
Gadsden,1,early_voting,https://votegadsdenfl.gov/election-info/early-voting/,false,"found via ""Early Voting"" score=12"
Gadsden,1,results,https://votegadsdenfl.gov/election-info/election-results/,false,"found via ""Election Results"" score=22"
Gilchrist,1,elections,https://www.votegilchrist.com/election_information/election_dates.php,false,"found via link ""Election Dates"" score=26"
Gilchrist,1,polling,https://www.votegilchrist.com/information_for_voters/precinct_finder.php,false,"found via ""Where Do I Vote"" score=20"
Gilchrist,1,early_voting,https://www.votegilchrist.com/information_for_voters/early_voting.php,false,"found via ""Early Voting"" score=12"
Gilchrist,1,results,https://www.votegilchrist.com/election_information/election_results.php,false,"found via ""Election Results"" score=22"
Glades,1,elections,https://voteglades.gov/voting-info/election-dates/,false,"found via link ""Election Dates"" score=27"
Glades,1,polling,https://voteglades.gov/voting-info/precinct-finder/,false,"found via ""Polling Location"" score=30"
Glades,1,early_voting,https://voteglades.gov/voting-info/early-voting/,false,"found via ""Early Voting"" score=12"
Glades,1,results,https://voteglades.gov/voting-info/election-results/,false,"found via ""ELECTION RESULTS"" score=22"
Gulf,1,elections,https://votegulf.gov/elections/election-dates/,false,"found via link ""Events & Dates to Remember"" score=9 (weak match — review)"
Gulf,1,polling,https://votegulf.gov/voters/where-to-vote/,false,"found via ""Where to Vote"" score=12"
Gulf,1,early_voting,https://votegulf.gov/voters/early-voting/,false,"found via ""Vote Early"" score=17"
Gulf,1,results,https://votegulf.gov/elections/election-results/,false,"found via ""Election Results"" score=22"
Hamilton,1,elections,https://www.hamiltonvotesfl.gov/elections/voting-system/,false,"found via link ""Voting System"" score=8 (weak match — review)"
Hamilton,1,polling,https://www.hamiltonvotesfl.gov/voters/where-to-vote-in-person/,false,"found via ""Where to Vote in Person"" score=12"
Hamilton,1,early_voting,https://www.hamiltonvotesfl.gov/voters/vote-early/,false,"found via ""Early Voting"" score=17"
Hamilton,1,results,https://www.hamiltonvotesfl.gov/elections/election-results/,false,"found via ""Election Results"" score=22"
Hardee,1,elections,https://hardeeflvotes.gov/election-information/upcoming-elections/,false,"found via link ""Upcoming Elections"" score=46"
Hardee,1,polling,https://hardeeflvotes.gov/voter-information/find-my-precinct/,false,"found via ""Find My Precinct"" score=18"
Hardee,1,early_voting,https://hardeeflvotes.gov/2026-primary-election/,false,no standing early_voting page; using per-election hub page (shared with other types) — review
Hardee,1,results,,false,GAP: no county-specific page found (best candidate was an unrelated third-party site)
Hendry,1,elections,https://www.hendryelections.gov/voter/index.php,false,"found via link ""Voter Information"" score=23"
Hendry,1,polling,https://www.hendryelections.gov/voter/polling_locations.php,false,"found via ""Polling Locations"" score=22"
Hendry,1,early_voting,https://www.hendryelections.gov/elections/early_voting.php,false,"found via ""Early Voting"" score=12"
Hendry,1,results,https://www.hendryelections.gov/elections/election_results.php,false,"found via ""Archived Election Results"" score=22"
Hernando,1,elections,https://www.hernandovotes.gov/27/Election-Information,false,"found via link ""Election Information"" score=21"
Hernando,1,polling,https://www.hernandovotes.gov/1195/Precincts-Polling-Locations,false,"found via ""Precincts & Polling Locations"" score=27"
Hernando,1,early_voting,https://www.hernandovotes.gov/1200/Early-Voting-Locations,false,"found via ""Early Voting Locations"" score=27"
Hernando,1,results,https://www.hernandovotes.gov/1197/Past-Election-Results,false,"found via ""Past Election Results"" score=18"
Highlands,1,elections,https://www.votehighlands.gov/upcoming-elections,false,"found via link ""Upcoming Elections"" score=45"
Highlands,1,polling,https://www.votehighlands.gov/2024-local-candidates,false,no standing polling page; using per-election hub page (shared with other types) — review
Highlands,1,early_voting,https://www.votehighlands.gov/early-voting,false,"found via ""View Early Vote Sites"" score=17"
Highlands,1,results,https://www.votehighlands.gov/elections-results,false,"found via ""Elections Results"" score=8 (weak match — review)"
Hillsborough,1,elections,https://www.votehillsborough.gov/AlertCenter.aspx,false,"found via link ""Election Information"" score=21"
Hillsborough,1,polling,https://www.votehillsborough.gov/159/Voting-Precincts,false,"found via ""Look Up the Polling Place Assigned to Yo"" score=27"
Hillsborough,1,early_voting,https://www.votehillsborough.gov/281/2026-Primary-Election,false,no standing early_voting page; using per-election hub page (shared with other types) — review
Hillsborough,1,results,https://www.votehillsborough.gov/183/Election-Results,false,"found via ""Election Results"" score=22"
Holmes,1,elections,https://holmeselectionsfl.gov/voter-information/,false,"found via link ""Voter Info"" score=18"
Holmes,1,polling,https://holmeselectionsfl.gov/voter-information/where-to-vote/,false,"found via ""Where to Vote"" score=12"
Holmes,1,early_voting,https://holmeselectionsfl.gov/voter-information/vote-by-mail/,false,no standing early_voting page; using per-election hub page (shared with other types) — review
Holmes,1,results,,false,GAP: no county-specific page found (best candidate was an unrelated third-party site)
Indian River,1,elections,https://www.voteindianriver.gov/election_information/upcoming_elections.php,false,"found via link ""Upcoming Elections"" score=46"
Indian River,1,polling,https://www.voteindianriver.gov/polling_places/find_my_polling_place.php,false,"found via ""Find My Polling Place"" score=50"
Indian River,1,early_voting,https://www.voteindianriver.gov/election_information/early_voting_information.php,false,"found via ""Early Voting Information"" score=12"
Indian River,1,results,https://www.voteindianriver.gov/election_information/election_results_archive.php,false,"found via ""Election Results Archive"" score=22"
Jackson,1,elections,https://votejacksonfl.gov/election-information/upcoming-elections/,false,"found via link ""Upcoming Elections"" score=46"
Jackson,1,polling,https://votejacksonfl.gov/election-information/polling-place-hours/,false,"found via ""Polling Place Hours"" score=22"
Jackson,1,early_voting,https://votejacksonfl.gov/election-information/,false,no standing early_voting page; using per-election hub page (shared with other types) — review
Jackson,1,results,https://votejacksonfl.gov/election-information/election-results/,false,"found via ""Election Results"" score=22"
Jefferson,1,elections,https://jeffersonvotesfl.gov/events/mail-ballot-send-deadline-for-domestic-voters-general-election/,false,"found via link ""Sep 24, 2026 Mail Ballot ‘Send’ Deadline"" score=10"
Jefferson,1,polling,https://jeffersonvotesfl.gov/where-to-vote-in-person/,false,"found via ""Where to Vote in Person"" score=12"
Jefferson,1,early_voting,https://jeffersonvotesfl.gov/vote-early/,false,"found via ""Early Voting"" score=17"
Jefferson,1,results,,false,GAP: no distinct page found (likely folded into elections page)
Lafayette,1,elections,https://lafayettevotes.net/voter-link/,false,"found via link ""Voter Link"" score=4 (weak match — review)"
Lafayette,1,polling,https://lafayettevotes.net/where-do-i-vote/,false,"found via ""Where Do I Vote?"" score=12"
Lafayette,1,early_voting,https://lafayettevotes.net/early-voting/,false,"found via ""2026 Early Voting Dates & Times"" score=25"
Lafayette,1,results,https://lafayettevotes.net/election-results/,false,"found via ""Election Results"" score=22"
Lake,1,elections,https://www.lakevotes.gov/101/Election-Information,false,"found via link ""Election Information"" score=21"
Lake,1,polling,https://www.lakevotes.gov/164/Find-My-Precinct,false,"found via ""Find My Precinct"" score=18"
Lake,1,early_voting,https://www.lakevotes.gov/200/Early-Voting-Locations-Status,false,"found via ""Early Voting Locations & Status"" score=27"
Lake,1,results,,false,GAP: no county-specific page found (best candidate was an unrelated third-party site)
Lee,1,elections,https://www.lee.vote/172/Election-Information,false,"found via link ""Election Information"" score=21"
Lee,1,polling,https://www.lee.vote/245/Precincts-and-Polling-Places,false,"found via ""Precincts and Polling Places"" score=27"
Lee,1,early_voting,https://www.lee.vote/229/Early-Voting-Dates-and-Locations,false,"found via ""Early Voting Locations"" score=27"
Lee,1,results,https://www.lee.vote/171/Election-Results,false,"found via ""Election Results"" score=22"
Leon,1,elections,https://www.leonvotes.gov/Voting/Election-Day,false,"found via link ""Election Day"" score=6 (weak match — review)"
Leon,1,polling,https://www.leonvotes.gov/Registration/Check-Your-Info,false,"found via ""Find my Polling Place"" score=50"
Leon,1,early_voting,https://www.leonvotes.gov/Voting/Early-Voting/Early-Voting-Locations-Map,false,"found via ""Find Early Voting Sites"" score=34"
Leon,1,results,https://www.leonvotes.gov/Records/Election-Results,false,"found via ""Election Results"" score=22"
Levy,1,elections,https://www.votelevy.gov/events/mail-ballot-send-deadline-for-domestic-voters-general-election/,false,"found via link ""Sep 24, 2026 Mail Ballot ‘Send’ Deadline"" score=10"
Levy,1,polling,https://www.votelevy.gov/voters/where-to-vote-in-person/,false,"found via ""Where to Vote in Person"" score=12"
Levy,1,early_voting,https://www.votelevy.gov/voters/vote-early/,false,"found via ""Early Voting"" score=17"
Levy,1,results,https://www.votelevy.gov/elections/election-results/,false,"found via ""Election Results"" score=22"
Liberty,1,elections,https://libertycountyflsoe.gov/voter-information/election-dates/,false,"found via link ""Election Dates"" score=27"
Liberty,1,polling,https://libertycountyflsoe.gov/voter-information/polling-places/,false,"found via ""Polling Places"" score=22"
Liberty,1,early_voting,,false,GAP: no distinct page found (likely folded into elections page)
Liberty,1,results,https://libertycountyflsoe.gov/results-statistics/election-results/,false,"found via ""Election Results"" score=22"
Madison,1,elections,https://www.votemadison.com/events/mail-ballot-send-deadline-for-domestic-voters-general-election/,false,"found via link ""September 24, 2026 Mail Ballot ‘Send’ De"" score=10"
Madison,1,polling,https://www.votemadison.com/where-to-vote-in-person/,false,"found via ""Where to Vote in Person"" score=12"
Madison,1,early_voting,https://www.votemadison.com/vote-early/,false,"found via ""Early Voting"" score=17"
Madison,1,results,https://www.votemadison.com/elections/election-results/,false,"found via ""Election Results"" score=22"
Manatee,1,elections,https://www.votemanatee.gov/election-dates/,false,"found via link ""Election Dates"" score=25"
Manatee,1,polling,https://www.votemanatee.gov/ways-to-vote-election-day-voting-polling-locations/,false,"found via ""Polling Locations"" score=22"
Manatee,1,early_voting,https://www.votemanatee.gov/early-voting/,false,"found via ""Early Voting Locations"" score=27"
Manatee,1,results,https://www.votemanatee.gov/election-results-by-precinct/,false,"found via ""Past Election Results"" score=18"
Marion,1,elections,https://www.votemarion.gov/31/Elections,false,"found via link ""Elections"" score=19"
Marion,1,polling,https://www.votemarion.gov/335/Find-My-Voting-Location,false,"found via ""Where Do I Vote?"" score=12"
Marion,1,early_voting,https://www.votemarion.gov/317/Vote-Early,false,"found via ""Early Voting"" score=12"
Marion,1,results,https://www.votemarion.gov/199/Election-Results,false,"found via ""Election Results"" score=22"
Martin,1,elections,https://www.martinvotes.gov/election-information/,false,"found via link ""Election Information"" score=21"
Martin,1,polling,https://www.martinvotes.gov/election-information/precinct-maps/,false,"found via ""Precinct Maps"" score=13"
Martin,1,early_voting,https://www.martinvotes.gov/election-information/early-voting/,false,"found via ""2026 Early Voting and Secure Ballot Inta"" score=25"
Martin,1,results,https://results.enr.clarityelections.com/FL/Martin/,true,"found via ""Election Results"" score=22"
Miami-Dade,1,elections,https://www.votemiamidade.gov/elections/voters/information.page,false,"found via link ""Voter Information"" score=23"
Miami-Dade,1,polling,https://www.votemiamidade.gov/elections/data/reprecincting.page,false,"found via ""Reprecincting"" score=5 (weak match — review)"
Miami-Dade,1,early_voting,,false,GAP: no distinct page found (likely folded into elections page)
Miami-Dade,1,results,https://www.votemiamidade.gov/elections/data/results-archive.page,false,"found via ""Past Election Results"" score=18"
Monroe,1,elections,https://www.votemonroeflkeys.gov/Elections/Upcoming-Elections,false,"found via link ""Upcoming Elections"" score=45"
Monroe,1,polling,https://www.votemonroeflkeys.gov/Where-to-Vote/Precinct-Details-Demographics,false,"found via ""Precinct Details & Demographics"" score=11 (weak match — review)"
Monroe,1,early_voting,https://www.votemonroeflkeys.gov/Voting/Three-Ways-to-Vote/Early-Voting,false,"found via ""Early Voting"" score=17"
Monroe,1,results,,false,GAP: no county-specific page found (best candidate was an unrelated third-party site)
Nassau,1,elections,https://www.votenassaufl.gov/upcoming-elections,false,"found via link ""Upcoming Elections"" score=45"
Nassau,1,polling,https://www.votenassaufl.gov/where-do-i-vote,false,"found via ""Where Do I Vote?"" score=12"
Nassau,1,early_voting,https://www.votenassaufl.gov/early-voting,false,"found via ""Early Voting"" score=12"
Nassau,1,results,https://www.votenassaufl.gov/election-night-results,false,"found via ""Election Night Results"" score=19"
Okaloosa,1,elections,https://www.voteokaloosa.gov/voters/vote-on-election-day/,false,"found via link ""Vote on Election Day"" score=6 (weak match — review)"
Okaloosa,1,polling,https://www.voteokaloosa.gov/announcements/notice-of-polling-place-change/,false,"found via ""July 27, 2026 Notice of Polling Place Ch"" score=22"
Okaloosa,1,early_voting,https://www.voteokaloosa.gov/voters/vote-early/,false,"found via ""Early Voting"" score=17"
Okaloosa,1,results,https://www.voteokaloosa.gov/elections/election-results/,false,"found via ""Election Results"" score=22"
Okeechobee,1,elections,https://voteokeechobee.gov/election-information/,false,"found via link ""Election Information"" score=21"
Okeechobee,1,polling,https://voteokeechobee.gov/election-information/sample-ballot/,false,"found via ""icon 23 star Created with Sketch. Sample"" score=18"
Okeechobee,1,early_voting,https://voteokeechobee.gov/voter-education/early-voting/,false,"found via ""Early Voting"" score=12"
Okeechobee,1,results,https://voteokeechobee.gov/election-information/election-archives/,false,"found via ""icon 23 star Created with Sketch. Electi"" score=22"
Orange,1,elections,https://voteorangefl.gov/upcoming-elections/,false,"found via link ""Upcoming Elections"" score=45"
Orange,1,polling,https://voteorangefl.gov/find-your-polling-place/,false,"found via ""PRECINCT FINDER"" score=29"
Orange,1,early_voting,https://voteorangefl.gov/vote-early/,false,"found via ""Early Voting sites"" score=32"
Orange,1,results,https://voteorangefl.gov/election-results/,false,"found via ""Election Results"" score=22"
Osceola,1,elections,https://www.voteosceola.gov/en-us/elections/,false,"found via link ""Elections"" score=19"
Osceola,1,polling,https://www.voteosceola.gov/en-us/polling-locations/,false,"found via ""Polling Locations"" score=22"
Osceola,1,early_voting,https://www.voteosceola.gov/en-us/how-to-vote/vote-early/,false,"found via ""Vote Early"" score=11 (weak match — review)"
Osceola,1,results,https://www.voteosceola.gov/en-us/election-results/2024-election-results/,false,"found via ""2024 Election Results"" score=22"
Palm Beach,1,elections,https://www.votepalmbeach.gov/191/Election-Dates-Deadlines,false,"found via link ""Upcoming Elections"" score=45"
Palm Beach,1,polling,https://www.votepalmbeach.gov/m/newsflash/home/detail/95,false,"found via ""2026 Primary Election - Polling Place Ch"" score=10 (weak match — review)"
Palm Beach,1,early_voting,https://www.votepalmbeach.gov/167/Early-Voting,false,"found via ""Early Voting location"" score=27"
Palm Beach,1,results,https://www.votepalmbeach.gov/224/Election-Results,false,"found via ""Election Results"" score=22"
Pasco,1,elections,https://www.pascovotes.gov/elections/election_dates.php,false,"found via link ""Election Dates"" score=27"
Pasco,1,polling,https://www.pascovotes.gov/news_detail_T21_R84.php,false,"found via ""Notice of Polling Place Change 2026 Prim"" score=22"
Pasco,1,early_voting,https://www.pascovotes.gov/elections/early_voting/early_voting_locations_and_wait_times.php,false,"found via ""Early Voting Locations and Wait Times"" score=27"
Pasco,1,results,https://www.pascovotes.gov/elections/election_results.php,false,"found via ""Election Results"" score=22"
Pinellas,1,elections,https://www.votepinellas.gov/204/Current-Upcoming-Elections,false,"found via link ""Upcoming Elections"" score=45"
Pinellas,1,polling,https://www.votepinellas.gov/198/Find-Precinct-Polling-Place,false,"found via ""Find Precinct & Polling Place"" score=27"
Pinellas,1,early_voting,https://www.votepinellas.gov/200/Early-Voting,false,"found via ""Early Voting"" score=12"
Pinellas,1,results,https://www.votepinellas.gov/161/Election-Results,false,"found via ""Election Results"" score=22"
Polk,1,elections,https://www.polkelections.gov/27/Voter-Services,false,"found via link ""Voter Services"" score=8 (weak match — review)"
Polk,1,polling,https://www.polkelections.gov/163/Where-Do-I-Vote,false,"found via ""Where Do I Vote"" score=12"
Polk,1,early_voting,,false,GAP: no distinct page found (likely folded into elections page)
Polk,1,results,,false,GAP: no distinct page found (likely folded into elections page)
Putnam,1,elections,https://www.voteputnamflorida.gov/election_information/upcoming_elections.php,false,"found via link ""Upcoming Elections"" score=46"
Putnam,1,polling,https://www.voteputnamflorida.gov/election_information/precincts_and_polling_locations.php,false,"found via ""Precincts And Polling Locations"" score=27"
Putnam,1,early_voting,https://www.voteputnamflorida.gov/election_information/early_voting.php,false,"found via ""Early Voting Locations"" score=27"
Putnam,1,results,https://www.voteputnamflorida.gov/election_information/election_results.php,false,"found via ""Election Results"" score=22"
Santa Rosa,1,elections,https://votesantarosa.gov/election-information/,false,"found via link ""Election Information"" score=21"
Santa Rosa,1,polling,https://votesantarosa.gov/election-information/list-of-precincts/,false,"found via ""Precinct Finder"" score=18"
Santa Rosa,1,early_voting,https://votesantarosa.gov/voter-information/how-to-vote/early-voting/,false,"found via ""Early Voting"" score=12"
Santa Rosa,1,results,https://votesantarosa.gov/historical-information/historical-results/,false,"found via ""Historical Results"" score=8 (weak match — review)"
Sarasota,1,elections,https://www.sarasotavotes.gov/31/Elections,false,"found via link ""Elections"" score=19"
Sarasota,1,polling,https://www.sarasotavotes.gov/169/Find-My-Precinct-and-Polling-Place,false,"found via ""Find my Precinct"" score=43"
Sarasota,1,early_voting,https://www.sarasotavotes.gov/171/Early-Voting,false,"found via ""Early voting"" score=12"
Sarasota,1,results,https://www.sarasotavotes.gov/183/Election-Results,false,"found via ""Election Results"" score=22"
Seminole,1,elections,https://voteseminole.gov/elections/upcoming-elections/,false,"found via link ""Upcoming Elections View the latest elect"" score=46"
Seminole,1,polling,https://voteseminole.gov/news/seminole-county-supervisor-of-elections-announces-polling-location-changes-new-voter-information-cards-mailed-to-45000-voters/,false,"found via ""Seminole County Supervisor of Elections "" score=36"
Seminole,1,early_voting,https://voteseminole.gov/how-to-vote/early-voting/,false,"found via ""Early Voting Vote early at any Seminole "" score=38"
Seminole,1,results,https://voteseminole.gov/maps-data-and-records/election-results-archive-by-year/,false,"found via ""Election Results Archive by Year Reports"" score=22"
St. Johns,1,elections,https://www.votesjc.gov/election-dates,false,"found via link ""Election Dates"" score=25"
St. Johns,1,polling,https://www.votesjc.gov/find-my-polling-place,false,"found via ""Find My Polling Place"" score=50"
St. Johns,1,early_voting,https://www.votesjc.gov/2026,false,no standing early_voting page; using per-election hub page (shared with other types) — review
St. Johns,1,results,https://www.votesjc.gov/election-results,false,"found via ""Election Results"" score=22"
St. Lucie,1,elections,https://www.stlucievotes.gov/election/index.php,false,"found via link ""Election Information"" score=21"
St. Lucie,1,polling,https://www.stlucievotes.gov/voter_information/find_my_precinct.php,false,"found via ""Find my Precinct"" score=18"
St. Lucie,1,early_voting,https://www.stlucievotes.gov/public_records/public_notices/early_voting_election_dates.php,false,"found via ""Early Voting & Election Dates"" score=12"
St. Lucie,1,results,https://www.stlucievotes.gov/enr.php,false,"found via ""Election Results"" score=22"
Sumter,1,elections,https://elections.sumtercountyfl.gov/163/Upcoming-Election-Information,false,"found via link ""Upcoming Election Info"" score=20"
Sumter,1,polling,https://elections.sumtercountyfl.gov/199/Election-Day,false,"found via ""Find Your Polling Location"" score=22"
Sumter,1,early_voting,https://elections.sumtercountyfl.gov/200/Early-Voting,false,"found via ""Find an Early Voting Location"" score=27"
Sumter,1,results,https://elections.sumtercountyfl.gov/228/2026-Election-Canvassing-Schedules,false,"found via ""2026 Election Canvassing Schedules"" score=5 (weak match — review)"
Suwannee,1,elections,https://www.suwanneevotes.com/events/mail-ballot-send-deadline-for-domestic-voters-general-election/,false,"found via link ""Sep 24, 2026 Mail Ballot ‘Send’ Deadline"" score=10"
Suwannee,1,polling,https://www.suwanneevotes.com/where-to-vote-in-person/,false,"found via ""Where to Vote in Person"" score=12"
Suwannee,1,early_voting,https://www.suwanneevotes.com/vote-early/,false,"found via ""Early Voting"" score=17"
Suwannee,1,results,https://www.suwanneevotes.com/election-results/,false,"found via ""Election Results"" score=22"
Taylor,1,elections,https://www.taylorelectionsfl.gov/events/mail-ballot-send-deadline-for-domestic-voters-general-election/,false,"found via link ""Sep 24, 2026 Mail Ballot ‘Send’ Deadline"" score=12"
Taylor,1,polling,https://www.taylorelectionsfl.gov/where-to-vote-in-person/,false,"found via ""Where to Vote in Person"" score=12"
Taylor,1,early_voting,https://www.taylorelectionsfl.gov/early-voting/,false,"found via ""Vote Early"" score=17"
Taylor,1,results,https://www.taylorelectionsfl.gov/election-results/,false,"found via ""Election Results"" score=22"
Union,1,elections,https://unionflvotes.com/elections/upcoming-elections/,false,"found via link ""Upcoming Elections"" score=45"
Union,1,polling,https://unionflvotes.com/voters/where-to-vote-in-person/,false,"found via ""Where to Vote in Person"" score=12"
Union,1,early_voting,https://unionflvotes.com/voters/vote-early/,false,"found via ""Early Voting (opens in a new tab)"" score=17"
Union,1,results,https://unionflvotes.com/elections/election-results/,false,"found via ""Election Results"" score=22"
Volusia,1,elections,https://www.volusiaelections.gov/elections/,false,"found via link ""Elections"" score=19"
Volusia,1,polling,,false,GAP: no county-specific page found (best candidate was an unrelated third-party site)
Volusia,1,early_voting,https://www.volusiaelections.gov/elections/early-voting.stml,false,"found via ""Early Voting"" score=12"
Volusia,1,results,https://www.volusiaelections.gov/elections/election-results/,false,"found via ""Election Results"" score=22"
Wakulla,1,elections,https://wakullavotes.gov/current-upcoming-elections/,false,"found via link ""Current/Upcoming Elections"" score=35"
Wakulla,1,polling,https://wakullavotes.gov/polling-sites/,false,"found via ""Polling Sites"" score=21"
Wakulla,1,early_voting,https://wakullavotes.gov/2026-wakulla-county-candidate-list/,false,no standing early_voting page; using per-election hub page (shared with other types) — review
Wakulla,1,results,https://wakullavotes.gov/past-election-results/,false,"found via ""Past Election Results"" score=18"
Walton,1,elections,https://votewalton.gov/current-elections/,false,"found via link ""Elections"" score=19"
Walton,1,polling,https://votewalton.gov/where-do-i-vote/,false,"found via ""Where to Vote"" score=18"
Walton,1,early_voting,,false,GAP: no distinct page found (likely folded into elections page)
Walton,1,results,https://votewalton.gov/results-and-turnout/,false,"found via ""Election Results & Voter Turnout Statist"" score=22"
Washington,1,elections,https://wcsoe.gov/election-information/dates-and-deadline/,false,"found via link ""Upcoming Elections"" score=46"
Washington,1,polling,https://wcsoe.gov/polling-sites/,false,"found via ""Precinct Numbers and Polling Locations"" score=33"
Washington,1,early_voting,https://wcsoe.gov/early-voting/,false,"found via ""Early Voting"" score=12"
Washington,1,results,https://wcsoe.gov/past-election-results/,false,"found via ""Past Election Results"" score=18"
